Datetime,Water Level (m)
2026-09-17 18:00:00,-0.2945044
2026-09-17 19:00:00,0.39131975
2026-09-17 20:00:00,1.0383189
2026-09-17 21:00:00,1.4964792
2026-09-17 22:00:00,1.7424641
2026-09-17 23:00:00,1.6931205
2026-09-18 00:00:00,1.3263113
2026-09-18 01:00:00,0.7414844
2026-09-18 02:00:00,0.06648612
2026-09-18 03:00:00,-0.5189231
2026-09-18 04:00:00,-0.9053879
2026-09-18 05:00:00,-0.9970994
2026-09-18 06:00:00,-0.6459915
2026-09-18 07:00:00,-0.04333797
2026-09-18 08:00:00,0.5241103
2026-09-18 09:00:00,0.9465018
2026-09-18 10:00:00,1.1866021
2026-09-18 11:00:00,1.224605
2026-09-18 12:00:00,1.0282483
2026-09-18 13:00:00,0.626062
2026-09-18 14:00:00,0.1102507
2026-09-18 15:00:00,-0.37340057
2026-09-18 16:00:00,-0.7421435
2026-09-18 17:00:00,-0.8884126
2026-09-18 18:00:00,-0.6940485
2026-09-18 19:00:00,-0.16069949
2026-09-18 20:00:00,0.4516412
2026-09-18 21:00:00,0.98291594
2026-09-18 22:00:00,1.3605456
2026-09-18 23:00:00,1.5491933
2026-09-19 00:00:00,1.4842267
2026-09-19 01:00:00,1.1352968
2026-09-19 02:00:00,0.6316911
2026-09-19 03:00:00,0.112251535
2026-09-19 04:00:00,-0.31541604
2026-09-19 05:00:00,-0.60481876
2026-09-19 06:00:00,-0.69508255
2026-09-19 07:00:00,-0.5358056
2026-09-19 08:00:00,-0.17844497
2026-09-19 09:00:00,0.21779925
2026-09-19 10:00:00,0.5823135
2026-09-19 11:00:00,0.84885085
2026-09-19 12:00:00,0.9649651
2026-09-19 13:00:00,0.88518864
2026-09-19 14:00:00,0.63670397
2026-09-19 15:00:00,0.29088843
2026-09-19 16:00:00,-0.078381486
2026-09-19 17:00:00,-0.38956398
2026-09-19 18:00:00,-0.55155075
2026-09-19 19:00:00,-0.4802963
2026-09-19 20:00:00,-0.17124638
2026-09-19 21:00:00,0.24115615
2026-09-19 22:00:00,0.63985175
2026-09-19 23:00:00,0.9907119
2026-09-20 00:00:00,1.2449652
2026-09-20 01:00:00,1.3236266
2026-09-20 02:00:00,1.2030631
2026-09-20 03:00:00,0.9211186
2026-09-20 04:00:00,0.52271414
2026-09-20 05:00:00,0.09251184
2026-09-20 06:00:00,-0.28445938
2026-09-20 07:00:00,-0.53520757
2026-09-20 08:00:00,-0.6058542
2026-09-20 09:00:00,-0.47347283
2026-09-20 10:00:00,-0.18336707
2026-09-20 11:00:00,0.18785523
2026-09-20 12:00:00,0.52565944
2026-09-20 13:00:00,0.7614127
2026-09-20 14:00:00,0.8929818
2026-09-20 15:00:00,0.8992983
2026-09-20 16:00:00,0.74782
2026-09-20 17:00:00,0.4312362
2026-09-20 18:00:00,0.04229152
2026-09-20 19:00:00,-0.27634335
2026-09-20 20:00:00,-0.4445764
2026-09-20 21:00:00,-0.41699794
2026-09-20 22:00:00,-0.18065263
2026-09-20 23:00:00,0.2282873
2026-09-21 00:00:00,0.6816335
2026-09-21 01:00:00,1.0644894
2026-09-21 02:00:00,1.296991
2026-09-21 03:00:00,1.363289
2026-09-21 04:00:00,1.2410021
2026-09-21 05:00:00,0.9183074
2026-09-21 06:00:00,0.43888575
2026-09-21 07:00:00,-0.06048284
2026-09-21 08:00:00,-0.47194818
2026-09-21 09:00:00,-0.71478844
2026-09-21 10:00:00,-0.734727
2026-09-21 11:00:00,-0.45970452
2026-09-21 12:00:00,0.031819183
2026-09-21 13:00:00,0.54160666
2026-09-21 14:00:00,0.95309925
2026-09-21 15:00:00,1.2057184
2026-09-21 16:00:00,1.2781652
2026-09-21 17:00:00,1.1332836
2026-09-21 18:00:00,0.7592334
2026-09-21 19:00:00,0.23731843
2026-09-21 20:00:00,-0.26089978
2026-09-21 21:00:00,-0.61651766
2026-09-21 22:00:00,-0.7309234
2026-09-21 23:00:00,-0.49563453
2026-09-22 00:00:00,0.07652412
2026-09-22 01:00:00,0.71196514
2026-09-22 02:00:00,1.2475253
2026-09-22 03:00:00,1.6037791
2026-09-22 04:00:00,1.7595028
2026-09-22 05:00:00,1.6364387
2026-09-22 06:00:00,1.19503
2026-09-22 07:00:00,0.54473764
2026-09-22 08:00:00,-0.10822029
2026-09-22 09:00:00,-0.65091145
2026-09-22 10:00:00,-0.971239
2026-09-22 11:00:00,-0.9622055
2026-09-22 12:00:00,-0.4640991
2026-09-22 13:00:00,0.24045315
2026-09-22 14:00:00,0.91956156
2026-09-22 15:00:00,1.4185344
2026-09-22 16:00:00,1.708399
2026-09-22 17:00:00,1.7316571
2026-09-22 18:00:00,1.438023
2026-09-22 19:00:00,0.900264
2026-09-22 20:00:00,0.20918094
2026-09-22 21:00:00,-0.42559612
2026-09-22 22:00:00,-0.86481684
2026-09-22 23:00:00,-0.9192917
2026-09-23 00:00:00,-0.42340413
2026-09-23 01:00:00,0.41037333
2026-09-23 02:00:00,1.2021015
2026-09-23 03:00:00,1.7849523
2026-09-23 04:00:00,2.1276293
2026-09-23 05:00:00,2.2106302
2026-09-23 06:00:00,1.8990628
2026-09-23 07:00:00,1.2688074
2026-09-23 08:00:00,0.463443
2026-09-23 09:00:00,-0.26823217
2026-09-23 10:00:00,-0.852631
2026-09-23 11:00:00,-1.1284293
2026-09-23 12:00:00,-0.8639933
2026-09-23 13:00:00,0.0048569944
2026-09-23 14:00:00,0.8936436
2026-09-23 15:00:00,1.6346406
2026-09-23 16:00:00,2.090051
2026-09-23 17:00:00,2.2594025
2026-09-23 18:00:00,2.1181214
